,Peptide,updrs_1_sum
0,AADDTWEPFASGK,5.0
1,AAFGQGSGPIMLDEVQC(UniMod_4)TGTEASLADC(UniMod_4)K,5.0
2,AAFTEC(UniMod_4)C(UniMod_4)QAADK,5.0
3,AANEVSSADVK,5.0
4,AATGEC(UniMod_4)TATVGKR,5.0
5,AATVGSLAGQPLQER,5.0
6,AAVYHHFISDGVR,5.0
7,ADDKETC(UniMod_4)FAEEGK,5.0
8,ADDKETC(UniMod_4)FAEEGKK,5.0
9,ADDLGKGGNEESTKTGNAGSR,5.0
10,ADLSGITGAR,5.0
11,ADQVC(UniMod_4)INLR,5.0
12,ADRDQYELLC(UniMod_4)LDNTR,5.0
13,ADSGEGDFLAEGGGVR,5.0
14,AEAQEAEDQQAR,5.0
15,AEFAEVSK,5.0
16,AELQC(UniMod_4)PQPAA,5.0
17,AESPEVC(UniMod_4)FNEESPK,5.0
18,AFPALTSLDLSDNPGLGER,5.0
19,AGAAAGGPGVSGVC(UniMod_4)VC(UniMod_4)K,5.0
20,AGALNSNDAFVLK,5.0
21,AGC(UniMod_4)VAESTAVC(UniMod_4)R,5.0
22,AGDFLEANYMNLQR,5.0
23,AGKEPGLQIWR,5.0
24,AGLLRPDYALLGHR,5.0
25,AGLQVYNK,5.0
26,AIGAVPLIQGEYMIPC(UniMod_4)EK,5.0
27,AIGYLNTGYQR,5.0
28,AIPVTQYLK,5.0
29,AIQLTYNPDESSKPNMIDAATLK,5.0
30,AKAYLEEEC(UniMod_4)PATLRK,5.0
31,AKLEEQAQQIR,5.0
32,AKPALEDLR,5.0
33,AKWEMPFDPQDTHQSR,5.0
34,ALANSLAC(UniMod_4)QGK,5.0
35,ALDFAVGEYNK,5.0
36,ALEQDLPVNIK,5.0
37,ALEYIENLR,5.0
38,ALFLETEQLK,5.0
39,ALGISPFHEHAEVVFTANDSGPR,5.0
40,ALGISPFHEHAEVVFTANDSGPRR,5.0
41,ALMSPAGMLR,5.0
42,ALPGTPVASSQPR,5.0
43,ALQDQLVLVAAK,5.0
44,ALSIGFETC(UniMod_4)R,5.0
45,ALSSEWKPEIR,5.0
46,ALTDMPQMR,5.0
47,ALVQQMEQLR,5.0
48,ALYLQYTDETFR,5.0
49,ANAGKPKDPTFIPAPIQAK,5.0
50,ANRPFLVFIR,5.0
51,APEAQVSVQPNFQQDK,5.0
52,APHGPGLIYR,5.0
53,APLIPMEHC(UniMod_4)TTR,5.0
54,AQAGANTRPC(UniMod_4)PS,5.0
55,AQC(UniMod_4)GGGLLGVR,5.0
56,AQGFTEDTIVFLPQTDK,5.0
57,AQPVQVAEGSEPDGFWEALGGK,5.0
58,AQTTVTC(UniMod_4)M(UniMod_35)ENGWSPTPR,5.0
59,AQTTVTC(UniMod_4)MENGWSPTPR,5.0
60,ARAEAQEAEDQQAR,5.0
61,ASEGGFTATGQR,5.0
62,ASGSPEPAISWFR,5.0
63,ASHEEVEGLVEK,5.0
64,ASLVPMEHC(UniMod_4)ITR,5.0
65,ASQSVSSYLAWYQQKPGQAPR,5.0
66,ASYGVKPR,5.0
67,ASYLDC(UniMod_4)IR,5.0
68,ATEDEGSEQKIPEATNR,5.0
69,ATEDEGSEQKIPEATNRR,5.0
70,ATEHLSTLSEK,5.0
71,ATFGC(UniMod_4)HDGYSLDGPEEIEC(UniMod_4)TK,5.0
72,ATLGPAVRPLPWQR,5.0
73,ATTVTGTPC(UniMod_4)QDWAAQEPHR,5.0
74,ATVNPSAPR,5.0
75,ATVVYQGER,5.0
76,ATWSGAVLAGR,5.0
77,AVC(UniMod_4)SQEAMTGPC(UniMod_4)R,5.0
78,AVDTWSWGER,5.0
79,AVGDKLPEC(UniMod_4)EADDGC(UniMod_4)PKPPEIAHGYVEHSVR,5.0
80,AVISPGFDVFAK,5.0
81,AVLPTGDVIGDSAK,5.0
82,AVSEKEVDSGNDIYGNPIKR,5.0
83,AVVFLEPQWYR,5.0
84,AVVVHAGEDDLGR,5.0
85,AYKSELEEQLTPVAEETR,5.0
86,AYLEEEC(UniMod_4)PATLR,5.0
87,AYLEEEC(UniMod_4)PATLRK,5.0
88,AYQGVAAPFPK,5.0
89,C(UniMod_4)AEENC(UniMod_4)FIQK,5.0
90,C(UniMod_4)C(UniMod_4)AAADPHEC(UniMod_4)YAK,5.0
91,C(UniMod_4)C(UniMod_4)ESASEDC(UniMod_4)MAK,5.0
92,C(UniMod_4)C(UniMod_4)ESASEDC(UniMod_4)MAKELPEHTVK,5.0
93,C(UniMod_4)C(UniMod_4)TESLVNR,5.0
94,C(UniMod_4)C(UniMod_4)VEC(UniMod_4)PPC(UniMod_4)PAPPVAGPSVFLFPPKPK,5.0
95,C(UniMod_4)DSSPDSAEDVRK,5.0
96,C(UniMod_4)FLAFTQTK,5.0
97,C(UniMod_4)FSGQC(UniMod_4)ISK,5.0
98,C(UniMod_4)KPVNTFVHEPLVDVQNVC(UniMod_4)FQEK,5.0
99,C(UniMod_4)LAFEC(UniMod_4)PENYRR,5.0
100,C(UniMod_4)LAPLEGAR,5.0
101,C(UniMod_4)LKDGAGDVAFVK,5.0
102,C(UniMod_4)LPVTAPENGK,5.0
103,C(UniMod_4)LVEKGDVAFVK,5.0
104,C(UniMod_4)LVEKGDVAFVKHQTVPQNTGGK,5.0
105,C(UniMod_4)LVNLIEK,5.0
106,C(UniMod_4)MC(UniMod_4)PAENPGC(UniMod_4)R,5.0
107,C(UniMod_4)PFPSRPDNGFVNYPAKPTLYYK,5.0
108,C(UniMod_4)PNPPVQENFDVNK,5.0
109,C(UniMod_4)PNPPVQENFDVNKYLGR,5.0
110,C(UniMod_4)QC(UniMod_4)DELC(UniMod_4)SYYQSC(UniMod_4)C(UniMod_4)TDYTAEC(UniMod_4)KPQVTR,5.0
111,C(UniMod_4)RDQLPYIC(UniMod_4)QFGIV,5.0
112,C(UniMod_4)REILSVDC(UniMod_4)STNNPSQAK,5.0
113,C(UniMod_4)STSSLLEAC(UniMod_4)TFR,5.0
114,C(UniMod_4)SYTEDAQC(UniMod_4)IDGTIEVPK,5.0
115,C(UniMod_4)TSTGWIPAPR,5.0
116,C(UniMod_4)TTPPPSSGPTYQC(UniMod_4)LK,5.0
117,C(UniMod_4)VC(UniMod_4)PVSNAMC(UniMod_4)R,5.0
118,C(UniMod_4)VDVDEC(UniMod_4)APPAEPC(UniMod_4)GK,5.0
119,C(UniMod_4)VNHYGGYLC(UniMod_4)LPK,5.0
120,C(UniMod_4)YTAVVPLVYGGETK,5.0
121,DAC(UniMod_4)GC(UniMod_4)C(UniMod_4)PMC(UniMod_4)AR,5.0
122,DALSSVQESQVAQQAR,5.0
123,DASGVTFTWTPSSGK,5.0
124,DC(UniMod_4)GSVDGVIKEVNVSPC(UniMod_4)PTQPC(UniMod_4)QLSK,5.0
125,DC(UniMod_4)HLAQVPSHTVVAR,5.0
126,DC(UniMod_4)SLPYATESK,5.0
127,DDKETC(UniMod_4)FAEEGKK,5.0
128,DDNPNLPR,5.0
129,DEPPQSPWDR,5.0
130,DFADIPNLR,5.0
131,DGAGDVAFVK,5.0
132,DGGFC(UniMod_4)EVC(UniMod_4)K,5.0
133,DGGFC(UniMod_4)EVC(UniMod_4)KK,5.0
134,DGLKYHYLIR,5.0
135,DGWSAQPTC(UniMod_4)IK,5.0
136,DIPMNPMC(UniMod_4)IYR,5.0
137,DKETC(UniMod_4)FAEEGKK,5.0
138,DKLAAC(UniMod_4)LEGNC(UniMod_4)AEGLGTNYR,5.0
139,DLATVYVDVLK,5.0
140,DLEDETLWVEER,5.0
141,DLGEENFK,5.0
142,DLLFKDSAHGFLK,5.0
143,DLLFRDDTVC(UniMod_4)LAK,5.0
144,DLLLPQPDLR,5.0
145,DMPASEDLQDLQK,5.0
146,DNC(UniMod_4)C(UniMod_4)ILDER,5.0
147,DNWVFC(UniMod_4)GGK,5.0
148,DPTFIPAPIQAK,5.0
149,DQC(UniMod_4)QVDSQC(UniMod_4)PGQMK,5.0
150,DQGNQEQDPNISNGEEEEEKEPGEVGTHNDNQER,5.0
151,DQPFTILYR,5.0
152,DQTVSDNELQEM(UniMod_35)SNQGSK,5.0
153,DQTVSDNELQEMSNQGSK,5.0
154,DRLDEVKEQVAEVR,5.0
155,DSGEGDFLAEGGGVR,5.0
156,DSGFQM(UniMod_35)NQLR,5.0
157,DSGFQMNQLR,5.0
158,DSGRDYVSQFEGSALGK,5.0
159,DTDTGALLFIGK,5.0
160,DTINLLDQR,5.0
161,DTSC(UniMod_4)VNPPTVQNAYIVSR,5.0
162,DTVIKPLLVEPEGLEK,5.0
163,DVC(UniMod_4)KNYAEAK,5.0
164,DVLLEAC(UniMod_4)C(UniMod_4)ADGHR,5.0
165,DVRDYFMPC(UniMod_4)PGR,5.0
166,DWHGVPGQVDAAMAGR,5.0
167,DYFMPC(UniMod_4)PGR,5.0
168,DYVSQFEGSALGK,5.0
169,EAEEETTNDNGVLVLEPARK,5.0
170,EAEEHQETQC(UniMod_4)LR,5.0
171,EALQGVGDMGR,5.0
172,EC(UniMod_4)EEIIR,5.0
173,EDC(UniMod_4)NELPPRR,5.0
174,EDSLEAGLPLQVR,5.0
175,EFQLFSSPHGK,5.0
176,EFTRPEEIIFLR,5.0
177,EGDMLTLFDGDGPSAR,5.0
178,EGQEC(UniMod_4)GVYTPNC(UniMod_4)APGLQC(UniMod_4)HPPKDDEAPLR,5.0
179,EGTC(UniMod_4)PEAPTDEC(UniMod_4)KPVK,5.0
180,EGVQKEDIPPADLSDQVPDTESETR,5.0
181,EGYYGYTGAFR,5.0
182,EHVAHLLFLR,5.0
183,EIGELYLPK,5.0
184,EILSVDC(UniMod_4)STNNPSQAK,5.0
185,EIQNAVNGVK,5.0
186,EIVLTQSPATLSLSPGER,5.0
187,EIVMTQSPATLSVSPGER,5.0
188,EKLQDEDLGFL,5.0
189,ELDESLQVAER,5.0
190,ELDLNSVLLK,5.0
191,ELLESYIDGR,5.0
192,ELQQAVLHMEQR,5.0
193,ELSSFIDKGQELC(UniMod_4)ADYSENTFTEYK,5.0
194,ELSSFIDKGQELC(UniMod_4)ADYSENTFTEYKK,5.0
195,EPGLC(UniMod_4)TWQSLR,5.0
196,EPQVYTLPPSRDELTK,5.0
197,EPTMYGEILSPNYPQAYPSEVEK,5.0
198,EQLSLLDRFTEDAKR,5.0
199,EQLTPLIK,5.0
200,EQWPQC(UniMod_4)PTIK,5.0
201,ESAYLYAR,5.0
202,ESLQQMAEVTR,5.0
203,ESLSSYWESAK,5.0
204,ETLLQDFR,5.0
205,ETYGEMADC(UniMod_4)C(UniMod_4)AK,5.0
206,EVGPTNADPVC(UniMod_4)LAK,5.0
207,EVNVSPC(UniMod_4)PTQPC(UniMod_4)QLSK,5.0
208,EVPLNTIIFMGR,5.0
209,EVVEEAENGR,5.0
210,EVVSLTEAC(UniMod_4)C(UniMod_4)AEGADPDC(UniMod_4)YDTR,5.0
211,EWVAIESDSVQPVPR,5.0
212,EYC(UniMod_4)GVPGDGDEELLR,5.0
213,FAALDNEEEDK,5.0
214,FAEQDAK,5.0
215,FDEFFSEGC(UniMod_4)APGSK,5.0
216,FDEFFSEGC(UniMod_4)APGSKK,5.0
217,FDGILGMAYPR,5.0
218,FEHC(UniMod_4)NFNDVTTR,5.0
219,FFLC(UniMod_4)QVAGDAK,5.0
220,FIYGGC(UniMod_4)GGNR,5.0
221,FKDLGEENFK,5.0
222,FLATTPNSLLVSWQPPR,5.0
223,FLC(UniMod_4)TGGVSPYADPNTC(UniMod_4)R,5.0
224,FLENEDR,5.0
225,FLENEDRR,5.0
226,FLNVLSPR,5.0
227,FLPSYQAVEYMR,5.0
228,FLVNLVK,5.0
229,FM(UniMod_35)ETVAEK,5.0
230,FMETVAEK,5.0
231,FMQAVTGWK,5.0
232,FNALQYLR,5.0
233,FNKNNEGTYYSPNYNPQSR,5.0
234,FNKPFVFLM(UniMod_35)IEQNTK,5.0
235,FQNALLVR,5.0
236,FQPTLLTLPR,5.0
237,FQSVFTVTR,5.0
238,FSALEVDETYVPK,5.0
239,FSC(UniMod_4)FQEEAPQPHYQLR,5.0
240,FSC(UniMod_4)MC(UniMod_4)PQGYQVVR,5.0
241,FSEEAC(UniMod_4)AVLTSPTFEAC(UniMod_4)HR,5.0
242,FSGSLLGGK,5.0
243,FSGSNSGNTATLTISR,5.0
244,FSGTWYAMAK,5.0
245,FSPATHPSEGLEENYC(UniMod_4)RNPDNDPQGPWC(UniMod_4)YTTDPEKR,5.0
246,FSVVYAK,5.0
247,FTDSENVC(UniMod_4)QER,5.0
248,FTEC(UniMod_4)C(UniMod_4)QAADK,5.0
249,FTFEYSR,5.0
250,FTILDSQGK,5.0
251,FTNIGPDTMR,5.0
252,FTQVTPTSLSAQWTPPNVQLTGYR,5.0
253,FVEGLPINDFSR,5.0
254,FYNQVSTPLLR,5.0
255,FYVHNDIFR,5.0
256,GAAPPKQEFLDIEDP,5.0
257,GAQTLYVPNC(UniMod_4)DHR,5.0
258,GAQTQTEEEMTR,5.0
259,GATLALTQVTPQDER,5.0
260,GATTSPGVYELSSR,5.0
261,GAYPLSIEPIGVR,5.0
262,GC(UniMod_4)PTEEGC(UniMod_4)GER,5.0
263,GC(UniMod_4)SFLPDPYQK,5.0
264,GDFSSANNRDNTYNR,5.0
265,GDKVWVYPPEKK,5.0
266,GEAAGAVQELAR,5.0
267,GEAGAPGEEDIQGPTK,5.0
268,GEC(UniMod_4)WC(UniMod_4)VNPNTGK,5.0
269,GEVQAMLGQSTEELR,5.0
270,GEVQAMLGQSTEELRVR,5.0
271,GGETSEMYLIQPDSSVKPYR,5.0
272,GGSTSYGTGSETESPR,5.0
273,GGTLGTPQTGSENDALYEYLR,5.0
274,GINVALANGK,5.0
275,GIVEEC(UniMod_4)C(UniMod_4)FR,5.0
276,GIYGTISR,5.0
277,GKRPYQEGTPC(UniMod_4)SQC(UniMod_4)PSGYHC(UniMod_4)K,5.0
278,GLEFLSVPSTYYK,5.0
279,GLETSLAEC(UniMod_4)TFTK,5.0
280,GLPAPIEK,5.0
281,GLVSWGNIPC(UniMod_4)GSK,5.0
282,GLYDVVSVLR,5.0
283,GMADQDGLKPTIDKPSEDSPPLEMLGPR,5.0
284,GMDSC(UniMod_4)KGDSGGAFAVQDPNDKTK,5.0
285,GMFNIQHC(UniMod_4)K,5.0
286,GNPEPTFSWTK,5.0
287,GNQWVGYDDQESVK,5.0
288,GPSVFPLAPSSK,5.0
289,GQEDASPDRFSNTDYAVGYMLR,5.0
290,GQSISVTSIRPC(UniMod_4)AAETQ,5.0
291,GRPGPQPWC(UniMod_4)ATTPNFDQDQR,5.0
292,GRTC(UniMod_4)PKPDDLPFSTVVPLK,5.0
293,GSESGIFTNTK,5.0
294,GSFAC(UniMod_4)QC(UniMod_4)PPGYQK,5.0
295,GSPAINVAVHVFR,5.0
296,GSPAINVAVHVFRK,5.0
297,GSPSGEVSHPR,5.0
298,GSQTQSHPDLGTEGC(UniMod_4)WDQLSAPR,5.0
299,GVALADFNR,5.0
300,GWVTDGFSSLK,5.0
301,GYC(UniMod_4)APGMEC(UniMod_4)VK,5.0
302,GYHLNEEGTR,5.0
303,GYPGVQAPEDLEWER,5.0
304,GYQLSDVDGVTC(UniMod_4)EDIDEC(UniMod_4)ALPTGGHIC(UniMod_4)SYR,5.0
305,HGNVAEGETKPDPDVTER,5.0
306,HGPGLIYR,5.0
307,HGSPVDIC(UniMod_4)TAKPR,5.0
308,HGTC(UniMod_4)AAQVDALNSQKK,5.0
309,HKVYAC(UniMod_4)EVTHQGLSSPVTK,5.0
310,HLDSVLQQLQTEVYR,5.0
311,HLSLLTTLSNR,5.0
312,HNC(UniMod_4)MENSIC(UniMod_4)R,5.0
313,HPNSPLDEENLTQENQDR,5.0
314,HPNVFGFC(UniMod_4)R,5.0
315,HQFLLTGDTQGR,5.0
316,HQPQEFPTYVEPTNDEIC(UniMod_4)EAFR,5.0
317,HQPQEFPTYVEPTNDEIC(UniMod_4)EAFRK,5.0
318,HQPQEFPTYVEPTNDEIC(UniMod_4)EAFRKDPK,5.0
319,HQTVPQNTGGKNPDPWAK,5.0
320,HRLEDMEQALSPSVFK,5.0
321,HSIFTPETNPR,5.0
322,HSTIFENLANK,5.0
323,HTFM(UniMod_35)GVVSLGSPSGEVSHPR,5.0
324,HTFMGVVSLGSPSGEVSHPR,5.0
325,HTSVQTTSSGSGPFTDVR,5.0
326,HVEPGEPLAPSPQEPQAVGR,5.0
327,HVLFGTVGVPEHTYR,5.0
328,HYDGSYSTFGER,5.0
329,HYTNPSQDVTVPC(UniMod_4)PVPPPPPC(UniMod_4)C(UniMod_4)HPR,5.0
330,IALVITDGR,5.0
331,IAPQLSTEELVSLGEK,5.0
332,IASFSQNC(UniMod_4)DIYPGKDFVQPPTK,5.0
333,IC(UniMod_4)ANVFC(UniMod_4)GAGR,5.0
334,IC(UniMod_4)LEDNVLMSGVK,5.0
335,IC(UniMod_4)VGC(UniMod_4)PR,5.0
336,IDQNVEELKGR,5.0
337,IDQTVEELRR,5.0
338,IEC(UniMod_4)VSAETTEDC(UniMod_4)IAK,5.0
339,IEEELGDEAR,5.0
340,IEKVEHSDLSFSK,5.0
341,IFSFDGKDVLR,5.0
342,IGADFLAR,5.0
343,IGDQWDKQHDMGHMMR,5.0
344,IGDTWSK,5.0
345,IHWESASLLR,5.0
346,IIGYTPDLDPETVDDAFAR,5.0
347,IIGYVISNQQITPGPAYSNR,5.0
348,IKPVFIEDANFGR,5.0
349,ILAGSADSEGVAAPR,5.0
350,ILEVVNQIQDEER,5.0
351,ILGPLSYSK,5.0
352,ILGQQVPYATK,5.0
353,ILLQGTPVAQMTEDAVDAER,5.0
354,ILTC(UniMod_4)M(UniMod_35)QGMEEIR,5.0
355,IMNGEADAMSLDGGFVYIAGK,5.0
356,INENTGSVSVTR,5.0
357,INHC(UniMod_4)RFDEFFSEGC(UniMod_4)APGSKK,5.0
358,IPIEDGSGEVVLSR,5.0
359,IPIEDGSGEVVLSRK,5.0
360,IPLNDLFR,5.0
361,IPTTFENGR,5.0
362,IPVIEPSVPELVVKPGATVTLR,5.0
363,ISASAEELR,5.0
364,ISC(UniMod_4)TIANR,5.0
365,ISHELDSASSEVN,5.0
366,ISLPESLK,5.0
367,ISYGNDALMPSLTETK,5.0
368,ITGYIIK,5.0
369,ITSWMEPIVK,5.0
370,ITTTSPWMFPSR,5.0
371,ITYGETGGNSPVQEFTVPGSK,5.0
372,IVQIYKDLLR,5.0
373,IVSSAM(UniMod_35)EPDREYHFGQAVR,5.0
374,IVSSAMEPDREYHFGQAVR,5.0
375,IWDVVEK,5.0
376,IYISGMAPR,5.0
377,IYISGMAPRPSLAK,5.0
378,IYLYTLNDNAR,5.0
379,KAADDTWEPFASGK,5.0
380,KAEEEHLGILGPQLHADVGDKVK,5.0
381,KASYLDC(UniMod_4)IR,5.0
382,KATEDEGSEQKIPEATNR,5.0
383,KC(UniMod_4)C(UniMod_4)VEC(UniMod_4)PPC(UniMod_4)PAPPVAGPSVFLFPPKPK,5.0
384,KC(UniMod_4)STSSLLEAC(UniMod_4)TFR,5.0
385,KC(UniMod_4)SYTEDAQC(UniMod_4)IDGTIEVPK,5.0
386,KDSGFQM(UniMod_35)NQLR,5.0
387,KDSGFQMNQLR,5.0
388,KEC(UniMod_4)C(UniMod_4)EKPLLEK,5.0
389,KGGETSEMYLIQPDSSVKPYR,5.0
390,KIYPTVNC(UniMod_4)QPLGMISLMK,5.0
391,KLC(UniMod_4)MAALK,5.0
392,KLGQSLDC(UniMod_4)NAEVYVVPWEK,5.0
393,KLINDYVK,5.0
394,KLSENTDFLAPGVSSFTDSNQQESITK,5.0
395,KLSSWVLLM(UniMod_35)K,5.0
396,KLSSWVLLMK,5.0
397,KLVGYLDR,5.0
398,KLVPFATELHER,5.0
399,KLYDYC(UniMod_4)DVPQC(UniMod_4)AAPSFDC(UniMod_4)GKPQVEPK,5.0
400,KMTVTDQVNC(UniMod_4)PK,5.0
401,KPAEDEWGK,5.0
402,KPALEDLR,5.0
403,KPQSAVYSTGSNGILLC(UniMod_4)EAEGEPQPTIK,5.0
404,KPVDEYKDC(UniMod_4)HLAQVPSHTVVAR,5.0
405,KPVEEYANC(UniMod_4)HLAR,5.0
406,KQELSEAEQATR,5.0
407,KQINDYVEKGTQGK,5.0
408,KQTALVELVK,5.0
409,KREEAPSLRPAPPPISGGGYR,5.0
410,KSASDLTWDNLK,5.0
411,KSPELQAEAK,5.0
412,KTLLSNLEEAK,5.0
413,KTLLSNLEEAKK,5.0
414,KTSLEDFYLDEER,5.0
415,KVEQAVETEPEPELR,5.0
416,KVESELIKPINPR,5.0
417,KVPQVSTPTLVEVSR,5.0
418,KVTYTSQEDLVEKK,5.0
419,KYFIDFVAR,5.0
420,KYLYEIAR,5.0
421,LAAAVSNFGYDLYR,5.0
422,LAARLEALKENGGAR,5.0
423,LAC(UniMod_4)C(UniMod_4)VVGVC(UniMod_4)GPGLWER,5.0
424,LADGGATNQGRVEIFYR,5.0
425,LALLVDTVGPR,5.0
426,LAPLAEDVR,5.0
427,LATVGELQAAWR,5.0
428,LAVTTHGLPC(UniMod_4)LAWASAQAK,5.0
429,LAVYQAGAR,5.0
430,LC(UniMod_4)DNLSTK,5.0
431,LC(UniMod_4)MAALK,5.0
432,LC(UniMod_4)MGSGLNLC(UniMod_4)EPNNK,5.0
433,LC(UniMod_4)QDLGPGAFR,5.0
434,LC(UniMod_4)TVATLR,5.0
435,LDELRDEGK,5.0
436,LDEVKEQVAEVR,5.0
437,LDIDSPPITAR,5.0
438,LEAGDHPVELLAR,5.0
439,LEDMEQALSPSVFK,5.0
440,LEEQAQQIR,5.0
441,LEGEAC(UniMod_4)GVYTPR,5.0
442,LEGQEEEEDNRDSSMK,5.0
443,LEPGQQEEYYR,5.0
444,LEPYADQLR,5.0
445,LETPDFQLFK,5.0
446,LFAC(UniMod_4)SNK,5.0
447,LFDSDPITVTVPVEVSR,5.0
448,LFGGNFAHQASVAR,5.0
449,LGADM(UniMod_35)EDVC(UniMod_4)GR,5.0
450,LGADMEDVC(UniMod_4)GR,5.0
451,LGC(UniMod_4)SLNQNSVPDIHGVEAPAR,5.0
452,LGEVNTYAGDLQK,5.0
453,LGMDGYR,5.0
454,LGMFNIQHC(UniMod_4)K,5.0
455,LGNQEPGGQTALK,5.0
456,LGPGMADIC(UniMod_4)K,5.0
457,LGPLVEQGR,5.0
458,LGQSLDC(UniMod_4)NAEVYVVPWEK,5.0
459,LGVRPSQGGEAPR,5.0
460,LHDRNTYEKYLGEEYVK,5.0
461,LHLDYIGPC(UniMod_4)K,5.0
462,LIADLGSTSITNLGFR,5.0
463,LINDYVK,5.0
464,LIVHNGYC(UniMod_4)DGR,5.0
465,LKC(UniMod_4)DEWSVNSVGK,5.0
466,LKC(UniMod_4)DEWSVNSVGKIEC(UniMod_4)VSAETTEDC(UniMod_4)IAK,5.0
467,LKDDEVAQLKK,5.0
468,LKEDAVSAAFK,5.0
469,LLAGDHPIDLLLR,5.0
470,LLC(UniMod_4)GLLAER,5.0
471,LLC(UniMod_4)QC(UniMod_4)LGFGSGHFR,5.0
472,LLDNWDSVTSTFSK,5.0
473,LLDSLPSDTR,5.0
474,LLELTGPK,5.0
475,LLEVPEGR,5.0
476,LLIYDASK,5.0
477,LLIYDASNR,5.0
478,LLIYGATSR,5.0
479,LLPAQLPAEKEVGPPLPQEAVPLQK,5.0
480,LLRDPADASEAHESSSR,5.0
481,LMVELHNLYR,5.0
482,LNMHMNVQNGKWDSDPSGTK,5.0
483,LPPTSAHGNVAEGETKPDPDVTER,5.0
484,LPYTASSGLMAPR,5.0
485,LQAEAFQAR,5.0
486,LQPLDFKENAEQSR,5.0
487,LQSIGTENTEENRR,5.0
488,LQSLFDSPDFSK,5.0
489,LRENELTYYC(UniMod_4)C(UniMod_4)K,5.0
490,LRENELTYYC(UniMod_4)C(UniMod_4)KK,5.0
491,LRTEGDGVYTLNNEK,5.0
492,LRTEGDGVYTLNNEKQWINK,5.0
493,LSELIQPLPLER,5.0
494,LSINTHPSQKPLSITVR,5.0
495,LSITGTYDLK,5.0
496,LSKELQAAQAR,5.0
497,LSNENHGIAQR,5.0
498,LSPLGEEMR,5.0
499,LSSGLVTAALYGR,5.0
500,LSSWVLLM(UniMod_35)K,5.0
501,LSSWVLLMK,5.0
502,LSYEGEVTK,5.0
503,LSYTC(UniMod_4)EGGFR,5.0
504,LTPLYELVK,5.0
505,LVAYYTLIGASGQR,5.0
506,LVDGKGVPIPNKVIFIR,5.0
507,LVDKFLEDVKK,5.0
508,LVFFAEDVGSNK,5.0
509,LVGGPM(UniMod_35)DASVEEEGVRR,5.0
510,LVGGPMDASVEEEGVR,5.0
511,LVGGPMDASVEEEGVRR,5.0
512,LVGYLDR,5.0
513,LVMGIPTFGR,5.0
514,LVNEVTEFAK,5.0
515,LVPPMEEDYPQFGSPK,5.0
516,LVWEEAMSR,5.0
517,LVYPSC(UniMod_4)EEK,5.0
518,LYEQLSGK,5.0
519,LYGSEAFATDFQDSAAAK,5.0
520,LYGSEAFATDFQDSAAAKK,5.0
521,LYHSEAFTVNFGDTEEAKK,5.0
522,M(UniMod_35)ADEAGSEADHEGTHSTKR,5.0
523,M(UniMod_35)ASGAANVVGPK,5.0
524,M(UniMod_35)C(UniMod_4)PQLQQYEMHGPEGLR,5.0
525,M(UniMod_35)ELERPGGNEITR,5.0
526,M(UniMod_35)LTPEHVFIHPGWK,5.0
527,M(UniMod_35)TVTDQVNC(UniMod_4)PK,5.0
528,M(UniMod_35)VQEQC(UniMod_4)C(UniMod_4)HSQLEELHC(UniMod_4)ATGISLANEQDR,5.0
529,M(UniMod_35)YLGYEYVTAIR,5.0
530,MADEAGSEADHEGTHSTKR,5.0
531,MASGAANVVGPK,5.0
532,MATLYSR,5.0
533,MC(UniMod_4)PQLQQYEMHGPEGLR,5.0
534,MC(UniMod_4)VDVNEC(UniMod_4)QR,5.0
535,MDASLGNLFAR,5.0
536,MDYPKQTQVSVLPEGGETPLFK,5.0
537,MELERPGGNEITR,5.0
538,MFTTAPDQVDKEDEDFQESNK,5.0
539,MGNFPWQVFTNIHGR,5.0
540,MKYWGVASFLQK,5.0
541,MMAVAADTLQR,5.0
542,MNFRPGVLSSR,5.0
543,MPC(UniMod_4)AELVREPGC(UniMod_4)GC(UniMod_4)C(UniMod_4)SVC(UniMod_4)AR,5.0
544,MPYEC(UniMod_4)GPSLDVC(UniMod_4)AQDER,5.0
545,MTVTDQVNC(UniMod_4)PK,5.0
546,MVQEQC(UniMod_4)C(UniMod_4)HSQLEELHC(UniMod_4)ATGISLANEQDR,5.0
547,MYLGYEYVTAIR,5.0
548,NANTFISPQQR,5.0
549,NEQEQPLGQWHLS,5.0
550,NFPPSQDASGDLYTTSSQLTLPATQC(UniMod_4)LAGK,5.0
551,NFPPSQDASGDLYTTSSQLTLPATQC(UniMod_4)PDGK,5.0
552,NFPSPVDAAFR,5.0
553,NGFYPATR,5.0
554,NIGEFC(UniMod_4)GK,5.0
555,NILDRQDPPSVVVTSHQAPGEK,5.0
556,NILTSNNIDVK,5.0
557,NILTSNNIDVKK,5.0
558,NKFDPSLTQR,5.0
559,NKPLFFADK,5.0
560,NLAVSQVVHK,5.0
561,NLHGDGIALWYTR,5.0
562,NLNEKDYELLC(UniMod_4)LDGTR,5.0
563,NLQPASEYTVSLVAIKGNQESPK,5.0
564,NLREGTC(UniMod_4)PEAPTDEC(UniMod_4)KPVK,5.0
565,NNEGTYYSPNYNPQSR,5.0
566,NPC(UniMod_4)QDPYILTPENR,5.0
567,NPDGDVGGPWC(UniMod_4)YTTNPR,5.0
568,NPDPWAK,5.0
569,NPDSSTTGPWC(UniMod_4)YTTDPTVR,5.0
570,NQEQVSPLTLLK,5.0
571,NRDHDTFLAVR,5.0
572,NSKFEDC(UniMod_4)C(UniMod_4)QEK,5.0
573,NSLFEYQK,5.0
574,NSVIKVPMMNSK,5.0
575,NSWGEEWGMGGYVK,5.0
576,NTEILTGSWSDQTYPEGTQAIYK,5.0
577,NTFAEVTGLSPGVTYYFK,5.0
578,NTGIIC(UniMod_4)TIGPASR,5.0
579,NVDGVNYASITR,5.0
580,NVVYTC(UniMod_4)NEGYSLIGNPVAR,5.0
581,NWGLGGHAFC(UniMod_4)R,5.0
582,PALEDLR,5.0
583,PIVTSPYQIHFTK,5.0
584,PNHAVVTR,5.0
585,PPTSAHGNVAEGETKPDPDVTER,5.0
586,PTLVEVSR,5.0
587,QC(UniMod_4)VPTEPC(UniMod_4)EDAEDDC(UniMod_4)GNDFQC(UniMod_4)STGR,5.0
588,QDGSVDFGR,5.0
589,QELSEAEQATR,5.0
590,QEPERNEC(UniMod_4)FLQHKDDNPNLPR,5.0
591,QGIPFFGQVR,5.0
592,QGVNDNEEGFFSAR,5.0
593,QHM(UniMod_35)DSDSSPSSSSTYC(UniMod_4)NQMMR,5.0
594,QHMDSDSSPSSSSTYC(UniMod_4)NQMMR,5.0
595,QHVVYGPWNLPQSSYSHLTR,5.0
596,QIGSVYR,5.0
597,QINDYVEK,5.0
598,QINDYVEKGTQGK,5.0
599,QKPDGVFQEDAPVIHQEMIGGLR,5.0
600,QKVEPLRAELQEGAR,5.0
601,QKWEAEPVYVQR,5.0
602,QLEWGLER,5.0
603,QLKEHAVEGDC(UniMod_4)DFQLLKLDGK,5.0
604,QNC(UniMod_4)ELFEQLGEYK,5.0
605,QPSSAFAAFVK,5.0
606,QQLVETHMAR,5.0
607,QQTEWQSGQR,5.0
608,QQTHMLDVMQDHFSR,5.0
609,QRQEELC(UniMod_4)LAR,5.0
610,QSGLYFIKPLK,5.0
611,QSTNAYPDLR,5.0
612,QTALVELVK,5.0
613,QTHQPPAPNSLIR,5.0
614,QTQVSVLPEGGETPLFK,5.0
615,QTVSWAVTPK,5.0
616,QVVAGLNFR,5.0
617,QWAGLVEK,5.0
618,QYNVGPSVSKYPLR,5.0
619,QYTDSTFRVPVER,5.0
620,RELDESLQVAER,5.0
621,RGEQC(UniMod_4)VDIDEC(UniMod_4)TIPPYC(UniMod_4)HQR,5.0
622,RGYQLSDVDGVTC(UniMod_4)EDIDEC(UniMod_4)ALPTGGHIC(UniMod_4)SYR,5.0
623,RIPIEDGSGEVVLSRK,5.0
624,RLEAGDHPVELLAR,5.0
625,RLEGQEEEEDNRDSSMK,5.0
626,RLGMFNIQHC(UniMod_4)K,5.0
627,RLPIGSYF,5.0
628,RLYGSEAFATDFQDSAAAK,5.0
629,RNTEILTGSWSDQTYPEGTQAIYK,5.0
630,RPC(UniMod_4)FSALEVDETYVPK,5.0
631,RPDSLQHVLLPVLDR,5.0
632,RPGGEPSPEGTTGQSYNQYSQR,5.0
633,RQEC(UniMod_4)SIPVC(UniMod_4)GQDQVTVAMTPR,5.0
634,RTHLPEVFLSK,5.0
635,RTPITVVK,5.0
636,RVDTVDPPYPR,5.0
637,RVWELSK,5.0
638,SASDLTWDNLK,5.0
639,SASDLTWDNLKGK,5.0
640,SASLHLPK,5.0
641,SC(UniMod_4)C(UniMod_4)EEQNKVNC(UniMod_4)LQTR,5.0
642,SC(UniMod_4)DIPVFMNAR,5.0
643,SC(UniMod_4)DKTHTC(UniMod_4)PPC(UniMod_4)PAPELLGGPSVFLFPPKPK,5.0
644,SC(UniMod_4)DNPYIPNGDYSPLR,5.0
645,SC(UniMod_4)DTPPPC(UniMod_4)PR,5.0
646,SC(UniMod_4)ESNSPFPVHPGTAEC(UniMod_4)C(UniMod_4)TK,5.0
647,SC(UniMod_4)SPELQQK,5.0
648,SC(UniMod_4)VGETTESTQC(UniMod_4)EDEELEHLR,5.0
649,SDDKVTLEER,5.0
650,SDVMYTDWK,5.0
651,SDVMYTDWKK,5.0
652,SDVVYTDWK,5.0
653,SDVVYTDWKK,5.0
654,SEALAVDGAGKPGAEEAQDPEGK,5.0
655,SEGLLAC(UniMod_4)GTNAR,5.0
656,SEGSSVNLSPPLEQC(UniMod_4)VPDRGQQYQGR,5.0
657,SELEEQLTPVAEETR,5.0
658,SETKDLLFRDDTVC(UniMod_4)LAK,5.0
659,SEYPSIK,5.0
660,SFNRGEC(UniMod_4),5.0
661,SFPTYC(UniMod_4)QQK,5.0
662,SFQTGLFTAAR,5.0
663,SGEATDGARPQALPEPMQESK,5.0
664,SGELEQEEER,5.0
665,SGIEC(UniMod_4)QLWR,5.0
666,SGINC(UniMod_4)PIQK,5.0
667,SGIPIVTSPYQIHFTK,5.0
668,SGLSTGWTQLSK,5.0
669,SGNIPAGTTVDTK,5.0
670,SGSDEVQVGQQR,5.0
671,SIAQYWLGC(UniMod_4)PAPGHL,5.0
672,SIDVAC(UniMod_4)HPGYALPK,5.0
673,SILENLR,5.0
674,SKEFQLFSSPHGK,5.0
675,SKVPPPRDFHINLFR,5.0
676,SLAAAAGKQELAK,5.0
677,SLAELGGHLDQQVEEFRR,5.0
678,SLAPYAQDTQEK,5.0
679,SLDFTELDVAAEK,5.0
680,SLEDLQLTHNKITK,5.0
681,SLGEC(UniMod_4)C(UniMod_4)DVEDSTTC(UniMod_4)FNAK,5.0
682,SLGNVIMVC(UniMod_4)R,5.0
683,SLGSPSGEVSHPR,5.0
684,SLHTLFGDK,5.0
685,SLNNQIETLLTPEGSR,5.0
686,SLPSEASEQYLTK,5.0
687,SMEQNGPGLEYR,5.0
688,SNAQGIDLNR,5.0
689,SNLDEDIIAEENIVSR,5.0
690,SNSSM(UniMod_35)HITDC(UniMod_4)R,5.0
691,SNSSMHITDC(UniMod_4)R,5.0
692,SPAINVAVHVFR,5.0
693,SPELQAEAK,5.0
694,SPFEQHIK,5.0
695,SPMYSIITPNILR,5.0
696,SPQGLGAFTPVVR,5.0
697,SPVGVQPILNEHTFC(UniMod_4)AGMSK,5.0
698,SRGPGAPC(UniMod_4)QDVDEC(UniMod_4)AR,5.0
699,SRYPVC(UniMod_4)GSDGTTYPSGC(UniMod_4)QLR,5.0
700,SSFVAPLEK,5.0
701,SSGLVSNAPGVQIR,5.0
702,SSGQWQTPGATR,5.0
703,SSNLIILEEHLK,5.0
704,SSPVVIDASTAIDAPSNLR,5.0
705,SSQGGSLPSEEK,5.0
706,STGGISVPGPMGPSGPR,5.0
707,STNLHDYGMLLPC(UniMod_4)GIDK,5.0
708,STSSFPC(UniMod_4)PAGHFNGFR,5.0
709,STTPDITGYR,5.0
710,SVIPSDGPSVAC(UniMod_4)VK,5.0
711,SVIPSDGPSVAC(UniMod_4)VKK,5.0
712,SVLGQLGITK,5.0
713,SVPMVPPGIK,5.0
714,SVPPSASHVAPTETFTYEWTVPK,5.0
715,SWFEPLVEDM(UniMod_35)QR,5.0
716,SYELTQPPSVSVSPGQTAR,5.0
717,SYLSMVGSC(UniMod_4)C(UniMod_4)TSASPTVC(UniMod_4)FLKER,5.0
718,SYTITGLQPGTDYK,5.0
719,TAKDALSSVQESQVAQQAR,5.0
720,TALASGGVLDASGDYR,5.0
721,TASDFITK,5.0
722,TATSEYQTFFNPR,5.0
723,TC(UniMod_4)VADESAENC(UniMod_4)DK,5.0
724,TC(UniMod_4)VADESAENC(UniMod_4)DKSLHTLFGDK,5.0
725,TDASDVKPC(UniMod_4),5.0
726,TEGDGVYTLNNEK,5.0
727,TEHLSTLSEK,5.0
728,TEIDKPSQMQVTDVQDNSISVK,5.0
729,TELLPGDRDNLAIQTR,5.0
730,TFHEASEDC(UniMod_4)ISR,5.0
731,TFISPIK,5.0
732,TFTC(UniMod_4)TAAYPESK,5.0
733,TFTLLDPK,5.0
734,TFYEPGEEITYSC(UniMod_4)KPGYVSR,5.0
735,TGAQELLR,5.0
736,TGDEITYQC(UniMod_4)R,5.0
737,TGTTGQSGAESGTTEPSAR,5.0
738,TGYYFDGISR,5.0
739,THLAPYSDELR,5.0
740,THLAPYSDELRQR,5.0
741,THLPEVFLSK,5.0
742,THPHFVIPYR,5.0
743,TINPAVDHC(UniMod_4)C(UniMod_4)K,5.0
744,TKEEYGHSEVVEYYC(UniMod_4)NPR,5.0
745,TKKQELSEAEQATR,5.0
746,TLKIENVSYQDKGNYR,5.0
747,TLLSNLEEAK,5.0
748,TLLSNLEEAKK,5.0
749,TLVVHEKADDLGKGGNEESTK,5.0
750,TLYSSSPR,5.0
751,TM(UniMod_35)LLQPAGSLGSYSYR,5.0
752,TM(UniMod_35)QENSTPRED,5.0
753,TMLLQPAGSLGSYSYR,5.0
754,TMQALPYSTVGNSNNYLHLSVLR,5.0
755,TMQENSTPRED,5.0
756,TMSEVGGSVEDLIAK,5.0
757,TNFDNDIALVR,5.0
758,TNTNVNC(UniMod_4)PIEC(UniMod_4)FMPLDVQADREDSRE,5.0
759,TPC(UniMod_4)QQELDQVLER,5.0
760,TPC(UniMod_4)TVSC(UniMod_4)NIPVVSGKEC(UniMod_4)EEIIR,5.0
761,TPENYPNAGLTMNYC(UniMod_4)R,5.0
762,TPEVTC(UniMod_4)VVVDVSHEDPEVK,5.0
763,TPLGDTTHTC(UniMod_4)PR,5.0
764,TPLTATLSK,5.0
765,TPSAAYLWVGTGASEAEK,5.0
766,TPVSDRVTK,5.0
767,TQSSLVPALTDFVR,5.0
768,TQVNTQAEQLR,5.0
769,TQVNTQAEQLRR,5.0
770,TSAHGNVAEGETKPDPDVTER,5.0
771,TSESGELHGLTTEEEFVEGIYK,5.0
772,TSLEDFYLDEER,5.0
773,TSPVDEKALQDQLVLVAAK,5.0
774,TSTDLQVLAAR,5.0
775,TTPEPC(UniMod_4)ELDDEDFR,5.0
776,TTPPVLDSDGSFFLYSK,5.0
777,TTPPVLDSDGSFFLYSR,5.0
778,TVAAC(UniMod_4)NLPIVR,5.0
779,TVAAPSVFIFPPSDEQLK,5.0
780,TVFGTEPDMIR,5.0
781,TVQAVLTVPK,5.0
782,TYETTLEK,5.0
783,TYLGNALVC(UniMod_4)TC(UniMod_4)YGGSR,5.0
784,VAAGAFQGLR,5.0
785,VAHQLQALR,5.0
786,VASYGVKPR,5.0
787,VAVVQYSGTGQQRPER,5.0
788,VC(UniMod_4)PFAGILENGAVR,5.0
789,VC(UniMod_4)SQYAAYGEK,5.0
790,VDGALC(UniMod_4)MEK,5.0
791,VDNALQSGNSQESVTEQDSK,5.0
792,VDNALQSGNSQESVTEQDSKDSTYSLSSTLTLSK,5.0
793,VDSGNDVTDIADDGC(UniMod_4)PKPPEIAHGYVEHSVR,5.0
794,VEHSDLSFSK,5.0
795,VEKPTADAEAYVFTPNMIC(UniMod_4)AGGEK,5.0
796,VEPLRAELQEGAR,5.0
797,VEPYGENFNK,5.0
798,VFNTPEGVPSAPSSLK,5.0
799,VFQEPLFYEAPR,5.0
800,VFSNGADLSGVTEEAPLK,5.0
801,VFSNGADLSGVTEEAPLKLSK,5.0
802,VGFYESDVMGR,5.0
803,VGGVQSLGGTGALR,5.0
804,VGYVSGWGR,5.0
805,VHKEDDGVPVIC(UniMod_4)QVEHPAVTGNLQTQR,5.0
806,VHTEC(UniMod_4)C(UniMod_4)HGDLLEC(UniMod_4)ADDR,5.0
807,VHTEC(UniMod_4)C(UniMod_4)HGDLLEC(UniMod_4)ADDRADLAK,5.0
808,VHVSEEGTEPEAMLQVLGPKPALPAGTEDTAKEDAANRK,5.0
809,VIAVNEVGR,5.0
810,VKDLATVYVDVLK,5.0
811,VKSPELQAEAK,5.0
812,VLDLSC(UniMod_4)NR,5.0
813,VLEPTLK,5.0
814,VLLDGVQNPR,5.0
815,VLLDQLR,5.0
816,VLNQELR,5.0
817,VLSIAQAHSPAFSC(UniMod_4)EQVR,5.0
818,VLTPTQVK,5.0
819,VMDKYTFELSR,5.0
820,VMPIC(UniMod_4)LPSKDYAEVGR,5.0
821,VMTPAVYAPYDVK,5.0
822,VNGSPVDNHPFAGDVVFPR,5.0
823,VNHVTLSQPK,5.0
824,VPEARPNSMVVEHPEFLK,5.0
825,VPFDAATLHTSTAMAAQHGMDDDGTGQK,5.0
826,VPMMSDPK,5.0
827,VPQVSTPTLVEVSR,5.0
828,VPVAVQGEDTVQSLTQGDGVAK,5.0
829,VQPYLDDFQK,5.0
830,VQPYLDDFQKK,5.0
831,VRQGQGQSEPGEYEQR,5.0
832,VSEADIQR,5.0
833,VSEADSSNADWVTK,5.0
834,VSPTDC(UniMod_4)SAVEPEAEK,5.0
835,VSTLPAITLK,5.0
836,VTAAPQSVC(UniMod_4)ALR,5.0
837,VTEIWQEVMQR,5.0
838,VTEPISAESGEQVER,5.0
839,VTGVVLFR,5.0
840,VTIKPAPETEKRPQDAK,5.0
841,VTIPTDLIASSGDIIK,5.0
842,VTLTC(UniMod_4)VAPLSGVDFQLR,5.0
843,VTSIQDWVQK,5.0
844,VTTVASHTSDSDVPSGVTEVVVK,5.0
845,VVEESELAR,5.0
846,VVEQMC(UniMod_4)ITQYER,5.0
847,VVVNFAPTIQEIK,5.0
848,VYAC(UniMod_4)EVTHQGLSSPVTK,5.0
849,VYC(UniMod_4)DMNTENGGWTVIQNR,5.0
850,VYTVDLGR,5.0
851,WC(UniMod_4)AVSEHEATK,5.0
852,WEAEPVYVQR,5.0
853,WELALGR,5.0
854,WGYC(UniMod_4)LEPK,5.0
855,WKNFPSPVDAAFR,5.0
856,WLPSSSPVTGYR,5.0
857,WQEEMELYR,5.0
858,WSGQTAIC(UniMod_4)DNGAGYC(UniMod_4)SNPGIPIGTR,5.0
859,WSRPQAPITGYR,5.0
860,WSSTSPHRPR,5.0
861,WYEIEKIPTTFENGR,5.0
862,WYFDVTEGK,5.0
863,YANC(UniMod_4)HLAR,5.0
864,YFIDFVAR,5.0
865,YGFIEGHVVIPR,5.0
866,YGLDSDLSC(UniMod_4)K,5.0
867,YGLVTYATYPK,5.0
868,YGQTIRPIC(UniMod_4)LPC(UniMod_4)TEGTTR,5.0
869,YHDRDVWKPEPC(UniMod_4)R,5.0
870,YIETDPANR,5.0
871,YIFHNFMER,5.0
872,YKAAFTEC(UniMod_4)C(UniMod_4)QAADK,5.0
873,YLGEEYVK,5.0
874,YLQEIYNSNNQK,5.0
875,YLYEIAR,5.0
876,YNSQNQSNNQFVLYR,5.0
877,YPGPQAEGDSEGLSQGLVDREK,5.0
878,YPNC(UniMod_4)AYR,5.0
879,YPSLSIHGIEGAFDEPGTK,5.0
880,YQC(UniMod_4)YC(UniMod_4)YGR,5.0
881,YSLTYIYTGLSK,5.0
882,YTTEIIK,5.0
883,YVGGQEHFAHLLILR,5.0
884,YVM(UniMod_35)LPVADQDQC(UniMod_4)IR,5.0
885,YVMLPVADQDQC(UniMod_4)IR,5.0
886,YVNKEIQNAVNGVK,5.0
887,YWGVASFLQK,5.0
888,YYC(UniMod_4)FQGNQFLR,5.0
889,YYWGGQYTWDMAK,5.0
